[
  {
    "icon": "fa fa-home",
    "slug": "external",
    "title": "Volver al inicio",
    "path": "index.html"
  },  
  { 
    "id": 1,
    "icon": "fa fa-file-text-o",
    "slug": "Planes_de_beneficios_de_acuerdo_con_tipos_de_afiliacion",
    "title": "1. Planes de beneficios de acuerdo con tipos de afiliación",
    "breadcrumb": ["Inicio","Tema 1"],
    "path": "pages/1-tema.html",
    "submenu": [
      {
        "icon": "fa fa-file-text-o",
        "slug": "Planes_de_beneficios_de_acuerdo_con_tipos_de_afiliacion",
        "title": "1.1 Plan Obligatorio de Salud. (POS)",
        "anchor": "11"
      },
      {
        "icon": "fa fa-file-text-o",
        "slug": "Planes_de_beneficios_de_acuerdo_con_tipos_de_afiliacion",
        "title": "1.2 Plan de Atención Complementaria",
        "anchor": "12"
      },
      {
        "icon": "fa fa-file-text-o",
        "slug": "Planes_de_beneficios_de_acuerdo_con_tipos_de_afiliacion",
        "title": "1.3 Plan Decenal de Salud Pública",
        "anchor": "13"
      },
      {
        "icon": "fa fa-file-text-o",
        "slug": "Planes_de_beneficios_de_acuerdo_con_tipos_de_afiliacion",
        "title": "1.4 Seguro Obligatorio de Accidentes de Tránsito – SOAT",
        "anchor": "14"
      },
      {
        "icon": "fa fa-file-text-o",
        "slug": "Planes_de_beneficios_de_acuerdo_con_tipos_de_afiliacion",
        "title": "1.5 Eventos catastróficos y accidentes de tránsito - ECAT",
        "anchor": "15"
      }
    ]

  },
  { 
    "id": 1,
    "icon": "fa fa-file-text-o",
    "slug": "Liquidacion_de_aportes_al_SGSSS",
    "title": "2. Liquidación de aportes al SGSSS: Ingreso Base de Cotización",
    "breadcrumb": ["Inicio","tema 2"],
    "path": "pages/2-tema.html",    
    "submenu": [
      {
        "icon": "fa fa-file-text-o",
        "slug": "Liquidacion_de_aportes_al_SGSSS",
        "title": "2.1 IBC (Ingreso Base de Cotización)",
        "anchor": "21"
      },
      {
        "icon": "fa fa-file-text-o",
        "slug": "Liquidacion_de_aportes_al_SGSSS",
        "title": "2.2 Planilla Integrada de liquidación de aportes – PILA",
        "anchor": "22"
      },
      {
        "icon": "fa fa-file-text-o",
        "slug": "Liquidacion_de_aportes_al_SGSSS",
        "title": "2.3 Salario mínimo mensual legal vigente - (SMMLV)",
        "anchor": "23"
      }
    ]
  },
  { 
    "id": 1,
    "icon": "fa fa-file-text-o",
    "slug": "Aseguramiento_en_salud_riesgos_laborales_y_pensiones",
    "title": "3. Aseguramiento en salud, riesgos laborales y pensiones",
    "breadcrumb": ["Inicio","tema 3"],
    "path": "pages/3-tema.html"
  },  
  { 
    "id": 1,
    "icon": "fa fa-file-text-o",
    "slug": "Prestaciones_economicas",
    "title": "4. Prestaciones económicas",
    "breadcrumb": ["Inicio","tema 4"],
    "path": "pages/4-tema.html",
    "submenu": [    
    {
      "icon": "fa fa-file-text-o",
      "slug": "Prestaciones_economicas",
      "title": "4.1 Salud",
      "anchor": "41"
    },
    {
      "icon": "fa fa-file-text-o",
      "slug": "Prestaciones_economicas",
      "title": "4.2 Aseguradora de riesgos laborales (ARL)",
      "anchor": "42"
    }
  ]
  },  
  { 
    "id": 1,
    "icon": "fa fa-file-text-o",
    "slug": "Administradoras_de_recursos_y_reclamaciones",
    "title": "5. Administradoras de recursos y reclamaciones",
    "breadcrumb": ["Inicio","Tema 5"],
    "path": "pages/5-tema.html",
    "submenu": [    
    {
      "icon": "fa fa-file-text-o",
      "slug": "Administradoras_de_recursos_y_reclamaciones",
      "title": "5.1 ¿Qué es la ADRES?",
      "anchor": "51"
    },
    {
      "icon": "fa fa-file-text-o",
      "slug": "Administradoras_de_recursos_y_reclamaciones",
      "title": "5.2 Fondo de Solidaridad de Fomento al Empleo y Protección al Cesante - FOSFEC",
      "anchor": "52"
    },
    {
      "icon": "fa fa-file-text-o",
      "slug": "Administradoras_de_recursos_y_reclamaciones",
      "title": "5.3 Fondo Nacional de Salud de las Personas Privadas de la Libertad - FNSPPL",
      "anchor": "53"
    }
  ]
  },  
  { 
    "id": 1,
    "icon": "fa fa-file-text-o",
    "slug": "Sistema_de_seguridad_y_salud_en_el_trabajo",
    "title": "6. Sistema de seguridad y salud en el trabajo",
    "breadcrumb": ["Inicio","Tema 6"],
    "path": "pages/6-tema.html",
    "submenu": [
      {
        "icon": "fa fa-file-text-o",
        "slug": "Sistema_de_seguridad_y_salud_en_el_trabajo",
        "title": "6.1 Sistema de Seguridad y Salud en el Trabajo SG-SST",
        "anchor": "61"
      }
    ]
  }  
 
]